{
  "lightgbm": {
    "num_leaves": 142,
    "learning_rate": 0.05329345648465775,
    "feature_fraction": 0.7817141445750447,
    "bagging_fraction": 0.8921647464655267,
    "bagging_freq": 7,
    "max_depth": 13,
    "min_child_samples": 43,
    "reg_alpha": 0.3365028811841564,
    "reg_lambda": 0.09297902750883402
  },
  "xgboost": {
    "max_depth": 15,
    "learning_rate": 0.017021469607401658,
    "subsample": 0.7828404284371384,
    "colsample_bytree": 0.868663424993046,
    "min_child_weight": 8,
    "reg_alpha": 0.4094163945434188,
    "reg_lambda": 0.4239081188800443,
    "gamma": 0.9260493490604662
  },
  "catboost": {
    "depth": 9,
    "learning_rate": 0.08869293043855471,
    "l2_leaf_reg": 9.634141143274721,
    "random_strength": 0.5060172196973788,
    "bagging_temperature": 0.4762216503453892,
    "border_count": 81
  },
  "scores": {
    "lightgbm": 0.12617446294688145,
    "xgboost": 0.12177997827529907,
    "catboost": 0.12967007361023336
  }
}
