{
  "models": {
    "lightgbm": {
      "mean_rmspe": 0.12617446294688145,
      "std_rmspe": 0.021378807788154066,
      "fold_scores": [
        0.14492683841371135,
        0.15863467437379372,
        0.10821458690429067,
        0.11105171381036626,
        0.10804450123224515
      ]
    },
    "xgboost": {
      "mean_rmspe": 0.12177997827529907,
      "std_rmspe": 0.02197558432817459,
      "fold_scores": [
        0.13943573832511902,
        0.15600033104419708,
        0.10517270863056183,
        0.1082763746380806,
        0.10001476854085922
      ]
    },
    "catboost": {
      "mean_rmspe": 0.12967007361023336,
      "std_rmspe": 0.024041823158757913,
      "fold_scores": [
        0.15457881984131927,
        0.16305184084966168,
        0.11351368066559189,
        0.11041784005071578,
        0.10678818664387808
      ]
    }
  },
  "ensembles": {
    "simple_average": {
      "mean_rmspe": 0.12245678280202735,
      "std_rmspe": 0.02293005006451484,
      "fold_scores": [
        0.14154679514990384,
        0.15797503834449725,
        0.10418122713399981,
        0.10640371889657708,
        0.10217713448515878
      ],
      "description": "Equal-weight average of LightGBM, XGBoost, and CatBoost"
    },
    "weighted_average": {
      "mean_rmspe": 0.12237678532798715,
      "std_rmspe": 0.022913581687159974,
      "fold_scores": [
        0.14139862303824877,
        0.1579056266817534,
        0.10409535232394236,
        0.10637433880252893,
        0.10210998579346232
      ],
      "description": "Inverse-RMSPE weighted average",
      "weights": {
        "lightgbm": 0.3323222190533812,
        "xgboost": 0.3443142141115092,
        "catboost": 0.32336356683510953
      }
    }
  },
  "best_approach": {
    "name": "XGBoost",
    "rmspe": 0.12177997827529907,
    "gap_to_target": 0.023219978275299077,
    "gap_to_target_pct": 23.559231204645982
  }
}