{
  "models": {
    "lightgbm": {
      "mean_rmspe": 0.1265493716626453,
      "std_rmspe": 0.020614089969229452,
      "fold_scores": [
        0.14499001780342508,
        0.15743333831821793,
        0.10663785235163654,
        0.11278967875346435,
        0.11089597108648248
      ]
    },
    "xgboost": {
      "mean_rmspe": 0.12201021611690521,
      "std_rmspe": 0.02218337543308735,
      "fold_scores": [
        0.14075711369514465,
        0.15595725178718567,
        0.10675762593746185,
        0.10668770968914032,
        0.09989138692617416
      ]
    },
    "catboost": {
      "mean_rmspe": 0.12826171089338828,
      "std_rmspe": 0.023876351837713087,
      "fold_scores": [
        0.15212239138581368,
        0.1619140919485343,
        0.11462591459470517,
        0.10617489326778819,
        0.10647126327010006
      ]
    }
  },
  "ensembles": {
    "simple_average": {
      "mean_rmspe": 0.12212138333316166,
      "std_rmspe": 0.022612736588858446,
      "fold_scores": [
        0.1411516508813331,
        0.15706240143673256,
        0.10433814858270393,
        0.1051724558935124,
        0.1028822598715263
      ],
      "description": "Equal-weight average of LightGBM, XGBoost, and CatBoost"
    },
    "weighted_average": {
      "mean_rmspe": 0.1220632825589106,
      "std_rmspe": 0.02260967006215244,
      "fold_scores": [
        0.1410606430649316,
        0.15701968965151747,
        0.10427809683669538,
        0.10514942101372765,
        0.10280856222768084
      ],
      "description": "Inverse-RMSPE weighted average",
      "weights": {
        "lightgbm": 0.33070393678170124,
        "xgboost": 0.3430071410248806,
        "catboost": 0.32628892219341815
      }
    }
  },
  "best_approach": {
    "name": "XGBoost",
    "rmspe": 0.12201021611690521,
    "gap_to_target": 0.023450216116905218,
    "gap_to_target_pct": 23.79283291082104
  }
}