{
  "rmspe": 0.10095725074812541,
  "rmse": 669.0298006646881,
  "mae": 456.450643036031,
  "mape": 7.078131647259969,
  "target_rmspe": 0.09856,
  "gap": 0.0023972507481254124,
  "gap_pct": 2.4322755155493225,
  "target_achieved": false,
  "n_predictions": 40282
}
