{
  "rmspe": 0.10038348555020943,
  "rmse": 665.357955167995,
  "mae": 452.7140630744319,
  "mape": 7.031390511162436,
  "target_rmspe": 0.09856,
  "gap": 0.0018234855502094333,
  "gap_pct": 1.8501273845469088,
  "target_achieved": false,
  "n_predictions": 40282
}